﻿<?xml version="1.0" encoding="utf-8"?><bwFonts xmlns:xsi="http://www.w3.org/2001/XMLSchema-instance" xmlns:xsd="http://www.w3.org/2001/XMLSchema" fontfactoryurl="story_content/FontFactory.swf"><font id="00" name="ArticulateBold Charset1_ 5X9zSsXE8kE"><glyphs><g i="0" c="89" charCode="89" p="%^9G5p9G$vFC$vFC5phwxenAxevESlIIxepMxe" /><g i="1" c="111" charCode="111" p="#^UGipUGzoIGTnwGan6GEmJF5m5FMluEqlEDqlQCqldCLlCB4mcBCmPA8nCAQnpAwopAfppAgrbBus_BHtEDHtuEHt6FmtKF0t7GrswGRrIG2rUGeqUGip^oKDpoKbrSJrslJHtqIyuwHovhGRv3FiwFDiw9CiwVAQvFzlvMytuTxBtoxnsVw8rVwEpVw2oqxNmXxwlRyEkMzMj_AijcCPiEDPi1FPigGhjwHKjqICklJtlSJLmoK0ooKDp" /><g i="2" c="117" charCode="117" p="#^nG$v%nGfu%kGfuDF5vAEIvxDiw4CiwYAiw7AWvizyvMyTufybu_xftJxjsJxbr%Jx6j%4B6j%4BZp4BHq7BmraB1soBysDB3t3CntvCHtfDHt2EHtCEltaF_swFosTFNr1G_qcGbqcGjp%cG6j%zJ6j%zJ$v" /><g i="3" c="32" charCode="32" p="#" /><g i="4" c="109" charCode="109" p="#^eN$v%eN4oeNBnaN7n6NEmWMgmKMUllMFlYLqlkLqlCKql7KMlEJ5mlJHm3JgnXI2oPIQoPIIp%PI$v%sF$v%sF5osFAnoF6nkFDm7FfmWETlxEFl9EqlxDqlLCqlgCPlNBcmvBOmeBon7B8o1BUo1BDp%1B$v%Gx$v%Gx6j%OA6j%OAVk%RAVk4BxkrB9kOBNjhCujNCbjnD$i_DPiKEPizFPiaG$iNGbjeHwjHHRj_HfkhIEkuI5lYI8k_Juj1LPiuMPieNPiZN$iJObjiPKjUPhkeQflBQdmBQMn%BQ$v" /><g i="5" c="115" charCode="115" p="#^eG3seG7tPFWtpFIuGEevYDMvXC1wXBiwKAiwKziwJy7wIxYv1xLv%ex$s3yotQyDtCzRtxARtpBRt3CstKC3tKCgsKCEriCkrSB$qdBNqAAyqPzlq3z8qqyLpNxlplxGoVw_nVwPmVwMlkx$kLxektyLjbzgj5A2j$APiYBPiVCPiQDYiME5jCFhj%oFPlzEwlTDolcDglpCglmBglTAHlpA5mpAHmpAbnRAunhBMnWB_nzCbojDro4EGoJE5pmFwpOFdqeGWqeG3s" /><g i="6" c="116" charCode="116" p="#^oF$vUE8weEdwBDiwXCiwYAiwUzcvQy5uQy3s%Qyzl%lwzl%lw6j%Qy6j%Qyxg%bCsf%bC6j%aF6j%aFzl%bCzl%bCBrbCHsBCbt0DHtPDHt8EHtxECtXExtiFmt%oF$v" /><g i="7" c="99" charCode="99" p="#^CGTvQF7w_Ecw8EiwgDiwLBiwAAQvpzlvAysuLxztkxjsVw2rVwtpVw2okxQmLxClxyKkkzRjtAkjDBPi6DPijEPi7FYiXF5joGej%4GUlFFIl6FzlAEqlQDqlYCqljCLlHB4mfBEmQAbnCAXnpAHopAwppAlqCA6rPASreBrsFB0tiCmtYCHtUDHtsEHtaFxtUFmtsG5t%CGTv" /><g i="8" c="112" charCode="112" p="#^UGwpUGHoJGXnzGbncGEmSF4mkFLlPEql6EqloDqlPCMlfC5mSBGmuBfnhB_n4BJo4Bwp4BaqdBVqnBErJBgs3CUsDCitcDHt4EHtVEHtrFit_FUsiGgsCGErLGVqUGaqUGwp^oKvpoKMsYIxuwHiwYEiwcEiwEDaw4D2wECPvcCAvRBfvuBWu7Bwu%4Bwu%4BfB%JxfB%Jx6j%WA6j%WAXk%ZAXkIBMjJCijLDPi_EPimGPinHijoINj3JGkKJzl3KOmoK0ooKvp" /><g i="9" c="108" charCode="108" p="%^Ox$vOxed9Bed9B$v" /><g i="10" c="101" charCode="101" p="#^PFioJFWm2F5moEgl6DglHBglYA6meAXm6Aio%PFio^6ABqbAtrvA4sQAHskB4tQBttsCFt5DRtMDRtZERt1Gtt6H5t3Iys%3Igv0HTvSF4wJEiwBDiwoCiwcBZv0AEv2zTu4y5uuxPsVwwrVwBpVweogx0nDxOlmySk6zVjeAmjmBPiUCPizEPiJFljUGSjDHSkmIRlHIin0JLo0JBq" /><g i="11" c="104" charCode="104" p="#^cG$v%cG2pcGso9GPn6GanVFEmIF5mfFMlOEql1Eql9DqlBCRl1CfmHBTmmBvndBeo4BZo4BDp%4B$v%Jx$v%Jxed%4Bed%4BSk%7BSkFB3kHCrjKDPi9FPijGPi8Hcj_HBjwIgk3JXkjJTlzJPmzJUn%zJ$v" /><g i="12" c="113" charCode="113" p="#^cGvpcGLo0G1oQFinrFJm2F7muENlWDqlbDqlrCqlUBNlmB8m1BJmIAinyA1opAMopAwppAbqyAXqHAGr$AhskBUsSBitpCHteDHt4EHtFEhteFSsAFesWFBr3GTqcG8qcGvp^cGfB%cGwu%9GwuvFkvEEPvODiwqCiwYAiwVzNvTyfvcyluxxqtdxasVwWqVwvpVw2oexQmzxBleyIkVyPjWzjjYAPioCPi1FPijGXk%mGXk%mG6j%zJ6j%zJfB" /><g i="13" c="105" charCode="105" p="%^Ox$vOx6j9B6j9B$v^OxMgOxzd9Bzd9BMg" /><g i="14" c="110" charCode="110" p="#^cG$v%cG$ocGdo7Gzn2GUmOFqmyFYl6FHlGEql_Dql4DqlwCSlYBimEBYmkBBncBlo4B4p4BEp%4B$v%Jx$v%Jx6j%VA6j%VASk%YASkdBskBB5kZBKjtCsj_C9jDD_ihEPi7FPipHPiuIdkzJClzJZn%zJ$v" /><g i="15" c="98" charCode="98" p="#^UGwpUGWoMGdoEGvnkGTm1GfmvFRlZEql8EqlfDqlGCRl6CgmKBUmnBwndBdo4BWo4Btp4BmqhB8ruBWrSBuseC1tOCmtmDHt4EHtNEHtjFmtRF0tbGssyGUrJG7rUGmqUGwp^oKvpoKPsWIzusHiw3FiwODiwNCTvNBsv1Bqu%ZAqu%ZA$v%Jx$v%Jxed%4Bed%4BMk%7BMkpBokLB2k6CHjzCqj1D8jDD_ieEPi_EPioGPioHjjpIPj3JJkKJCl3KRmoK3ooKvp" /><g i="16" c="102" charCode="102" p="#^eF$fSEMfxEFfdEyfPDyf8DyfJC1gjCvgjCyh%jC6j%eF6j%eFzl%jCzl%jC$v%Yy$v%Yyzl%twzl%tw6j%Yy6j%YymhYyeggzpfAzze8A1eIAudsBdddCXc6DXcJDXcmE0d0F5dwFdd" /><g i="17" c="114" charCode="114" p="#^oFgmYE6mCE3mhE0mSD0mrC0mOBen9Bro9BEq%9B$v%Ox$v%Ox6j%NA6j%NA1m%QA1mVAuldBVkxBkk_BTjsCpj3D6jHDPimEPi3FPioFVi%oFgm" /><g i="18" c="103" charCode="103" p="#^cGnpcGyo1GQnSF5nwFAmaF2mEEKl6EqlpDqlVBql9BzmpAHnpArppAbqBAUqNABr8B9svBJs1C3tzCotfDotDEotpFmscGjrcGnp^zJMuzJawdJpxUIEy5IzzjHvA$F0BIEyBLCyBtByBoAjBkz5BiyGA%AyPxWy0yozcyTzoyoAzyVAKypBQyWBXylCXy$CXyMDMyxEBy6F0yIFqxYFvwcGBvcGYt%9GYtAFWutEtvnD$v9C$vKA$vKzuvLyYu6y3uuxatbx_rVwOqVwtpVwjodx7nxxXlby_kSy0kUzqjXAPioCPicDPiQD_isE9jWEsjoFKjJF6k3GukjGSk%mGSk%mG6j%zJ6j%zJMu" /><g i="19" c="46" charCode="46" p="%^Kx$vKxvseBvseB$v" /><g i="20" c="69" charCode="69" p="%^1y$v1yxekIxekIhhxBhhxBBlMHBlMHloxBloxBftoIftoI$v" /><g i="21" c="121" charCode="121" p="#^sERw6EOxJDEykDvzMC8AcCOAoBaBAAyBnzyBOyyBayrByxlB4xcB%ixJyVxXy2zXyFzXy3AJyuAwyKAay_ARx5BqxcB0xcBEw%hw6j%_z6j%4Dws%7Dws%eG6j%EJ6j" /><g i="22" c="97" charCode="97" p="#^LD2qbC2q8Byq6A2r6Ads6AWsBAot4BRtcCRtNCRtjDFtSDtthE2tNEys1FSrhFarhF2q^AF$vxFBvuF9vsFJuqF4u%nF4ucFsuRERuuEdvYDyvqDTvNC4w9CiwsBiwzAiwKz1wVyMvhyhvFxOuhx5uVwntVwtsVw4ruxdq3ylp_ySoVzno4BdofC2orD2o%hF2ohFvmyEUlQDglqCglyBglxAzlxzRlpyGm%iyNjczojlA6jvBPiSCPiLFPi1H6kkIolkIaokIbpkIUpkIzqlI5rmIDrmI2snItsnIYspIEtqIhusIWuxI$v" /><g i="23" c="100" charCode="100" p="#^cGtpcGWo2GdoVFwnyFUmcFgmCERl1Eql9DqlkCqlOBRlhBfmZASmFAtnxAcopAWopAyppAiqyA1rIAMr1BmsnBXsVBjtsCHteDHt_DHtxEmt4F0tsFrsQFSr0G6rcGlqcGtp^jG$v%jGyu%gGyuxFtvwEUvwDiwhCiwUAiwSzNvQyfvaykuxxotdx9sVwWqVwvpVwaobxYmuxKl7yQkNyVjOzmjQAPiiCPiKDPiDEkjxFRjaGFk%cGFk%cGed%zJed%zJ$v" /><g i="24" c="119" charCode="119" p="%^0O$v3K$vfHamcHamsE$vDA$vhw6jQz6jGCEsKCEskF6jeJ6j1MEs4MEsMO6jZR6j" /><g i="25" c="58" charCode="58" p="%^Kx$vKxvseBvseB$v^KxCmKx6jeB6jeBCm" /><g i="26" c="83" charCode="83" p="#^MI2rMIlsiIktRHjuZGZu6GDvUEZvHDiwbCiwVAiwVz7wVyYvKxDv%3yts9z2t7Ait6Byt$BytzCyt6DptFDgt6E_szEIsQEis6FTr6Fjr6FtqyEZp_Dtp7D5phCJohBmohA$nqzpnAyPm0yWlsx0lsxxjsx9iWx9hpy9gezwf3ASeaByehCeezDeeFEeeIFoeMGxeKHSe%pHKhJGphNFchRE_gVD_g9D_gCCbh4CohKBKhpB3ifBvi6BXi6Boj6B9kGBDkeC5l4DrlXDNlXE9mXFwmNG7nEHJncIEoMIzpMI2r" /><g i="27" c="66" charCode="66" p="#^NGNqNGDp_FWocFcohDco%xBco%xBft%$CftQEftOFHsNG7sNGNq^fGrjfGgisFNhGEhhaDhh%xBhh%xBBl%WCBlCDBlcEvlOEolfF8lJFUk_FukfG3kfGrj^hKWqhKgsPJetmJcuwIPuHHqvxGJvnF$v$D$v%1y$v%1yxe%_Dxe7Fxe9GLecHYe$HtfOI_fgJSgLJKhLJ3jLJBkOIClRHCmgGWm%gGZm5H2nQHmnAIGn6JboFJHoZJnphK3qhKWq" /><g i="28" c="84" charCode="84" p="%^IEhhIE$vcB$vcBhhcwhhcwxeIJxeIJhh" /><g i="29" c="120" charCode="120" p="%^HF$vOCcrVz$vdw$vFAepGw6jDA6j9DjnDF6jbJ6jkFepHJ$v" /><g i="30" c="87" charCode="87" p="%^dQ$vIL$vzI2ivI2ipF$vTA$vfwxeWzxeaDuseDuscGxeYKxe1Ous5OusmRxeMUxe" /><g i="31" c="107" charCode="107" p="%^wF$vcBLp9BLp9B$vOx$vOxed9Bed9BgocBgocF6j9J6jmESoMJ$v" /><g i="32" c="63" charCode="63" p="#^nA$v%nAvs%TDvs%TD$v^VHJiVHtjEH7knHMkZGklAGUl5GqmCFYm9FtnzE8o6EUoFDDpFDqq%FDVq%AAVqAAtp2BgoxB2nICTlxD2lUDqkfEOjfE8jfEvi_D2iJDBhjDkhVC3hpCYgVBRgoBRglARglz8hlyrhwxRh%fx3fcyNeuzweMAeecCeeqDeesExevFPegGnf1HXftHNgVHDhVHJi" /></glyphs></font><font id="10" name="Articulate Charset1_ 6XxkTrMkqyM"><glyphs><g i="0" c="79" charCode="79" p="#^uLdnuLambLZkVKMjeKMizJMhsI6hmHrgKFrggErgbD0h6CBhoBziHAwjkAKk_zXl_zdn_ztoiAIpCAXqiBWr_BUs4DvtbE5uKF5ukH5uqIttxJRscKSrUKTqbLFpuLqouLdn^8Ogn8OnpxN2rXMJsQLUtJK2v9JGvCHiwIFiwVDiwmCIvQA5vIzYtAyOsYx6rkxqpkxenkxjlUxGjsy0ixzPgDACfaCWeKDeeKFeeFHeedJVeNKzfTLLgZMXhyNCj8Ogl8Ogn" /><g i="1" c="75" charCode="75" p="%^EI$vSArnSA$vmy$vmyxeSAxeSAdmjIxeELxerDOmiM$v" /><g i="2" c="89" charCode="89" p="%^CFHoCF$v6D$v6DHohwxeczxepEmmuJxepMxe" /><g i="3" c="101" charCode="101" p="#^fGoofGKn3G6nTFtmtFZl4FtluE9lVDRk4DRk2CRkoBglLAHlnAhm$zSmRztnHz3oFzoo%fGoo^Fz8qFz5r_zTrkAEsVActuBMtfC4u0DouUDouuEou3FguFF8uaGXtIGKt6HxtxHjtNH6t%NHrv1HOv2G2w4FiwKDiweCiw0BTvPzsvXyCu4yLtCxss9x8r9xqp9xXnBxLm1yylQyIkDzSjJApjQBXiaDXiKEXiNFujRG0kvH_kaIXlsIgnLIBoLI8q" /><g i="4" c="115" charCode="115" p="#^TEksTEntuE7u5ETutDmvRCRv1C3wdBiwnAiwqziwCy9wOx0wWwBv%2xutAxPtoy6uczou$zou1BouIBXtnCttnCBsnCeseCZr5CHrOBrrvBar$AUqvACqMzgqfz0qJyJpbyqpNx0pnxCo6x4oRwxnRwPmRw0l2y_jfzXirBXi5CXiRC5jBDejgErj%4EvlODllsDel7D7lMC1lqCXk6CUkOBRkzBRkDARk_zfllzEllznmlzanXzEnyA5oGBBosCXo1DipDDEp1E4qsEvqFE2rTEBrTEks" /><g i="5" c="78" charCode="78" p="%^FI$vLAEhIAEhIA$vcy$vcyxeCBxejJBsmJBsmJxeSLxeSL$v" /><g i="6" c="111" charCode="111" p="#^EHBpEHHomHQn5HZmBGjm5GEllFflBERkFDRkICRkZBfleBElJAjmcAZmWzQnFzHoFzBpFzrqUzjr7AasCASs6BytSBZtCCouFDouHEourFZtbGytGGSsaHaspHkrEHtqEHBp^8KDp8K0rFJesbJrtkIlutHfvhGNv5FiwFDiwbCiw$AMvPzdvXyju4yotCxas9xXq9xzp9xaoCxYm4yKlWySkNzZj_AsjbCXiFDXi8FXikGsjxHZjnISkdJKlGJZm8Kbo8KDp" /><g i="7" c="87" charCode="87" p="%^BP$vmM$vzIKgvIKgHE$vkB$v2wxeOyxe_Cut1DutLGxejKxe5Out8OutjSxeZUxe" /><g i="8" c="100" charCode="100" p="#^WGDpWGLoHGUntG0n$FlmxFGlPEgl5ERk7DRkqBRkxA9mFztnFzzpFzrqSzjr4AasxASs_AytEBZtiCoucDouaEouTEXtBFut2GOsvG6sIGgrWGqqWGDp^1H$v%1Hcu%_GcuLGAulGYuYFkvpFDvSEWv9E6wsDiwDCiwbBiw8AJv6z7vry9uNxattxXr9xHq9xop9x3ovxUmSxJlyyRkezZjgAsjiBXiGCXilEXilFxjlG6kTG_k%WG_k%WGed%hJed%hJ$v" /><g i="9" c="107" charCode="107" p="%^3G$vmAspmA$v$x$v$xedmAedmApouFejHIejMCUorJ$v" /><g i="10" c="32" charCode="32" p="#" /><g i="11" c="97" charCode="97" p="#^AFWpeFWpOEVpmETp_DTp4DTphC0qvB9qVAsqkALq_zdrFzGrFzisFzLsSz8t3AwtnAPtIA5u7BfuzBou1Cou4DouMD3usEJtREdtfFJspF9sAFBrAF8r^RF$v%RFlu%NFluxFIuaF3vPEpvjEHvPDYvbD7wzCiwPBiwXAiw6A6whzWvCytvYx0vyxgu9xvt9xls9x5rLxhqmytpfz_o9AvocBjofC7o7D7o9E7oGE8ocF9oAFaoyFBntF0npFqm5FXlNErl9E8lxDRkqCRk9BRkbAhldzJlJy8m%By8kWyZjkzMjLzyjgAmjOA9jrB2j5CXiVCXimEXijFkjhGJjSGqkrH6lHH5mXH3nXHfo%XHftXHItXHquXH9v1I$v" /><g i="12" c="108" charCode="108" p="%^iy$viyedFAedFA$v" /><g i="13" c="119" charCode="119" p="%^rM$vIJ$vpGilmGil7D$vpA$viwejTyejOBOtSBOt6FejTHej4LOt8LOteOejxQej" /><g i="14" c="117" charCode="117" p="#^$G$v%$GZt%YGZtLGpunGPu$FdvtFzvYEVvgE5wADiwNCiwlAiwazTu$xrt$xPq%$xej%mAej%mAHpmAxqpA9rsANrAAhsIAMsVA7t6BttnBKtIB3uaCeuFCou9DouYEouXF0tWGErWG8p%WGej%hJej%hJ$v" /><g i="15" c="114" charCode="114" p="#^8FclSE4luE1l6E_kRD_kUC_kdCslzBVl8BFmKAonyAjomAepmAaq%mA$v%$x$v%$xej%cAej%cAcl%gAclsANkOAnk8BYjzBEj_BkjvC8j1DXiCDXiZDXilE_iKE0j8F6j%8Fcl" /><g i="16" c="116" charCode="116" p="#^_EYvEE4w3EbwvDiwXCiw7CiwqB6wKAWvcAuvGz2vmzlu2zDt2zys%2z8l%aw8l%awej%2zej%2zhg%pBxf%pBej%NEej%NE8l%pB8l%pB3spBusvBVsCBjtSBFt6C_tuCbuSCourDougEou_EXt%_EYv" /><g i="17" c="105" charCode="105" p="%^iy$viyejFAejFA$v^9yog9yKdPAKdPAog" /><g i="18" c="110" charCode="110" p="#^WG$v%WGopWGPnGGVmqG$lZFylBFal5F0lBERkcERkaDRksCflKBElfBmmNA3nzA1omA$omA7q%mA$v%$x$v%$xej%hAej%hAgl%kAglOAhkVBCj1DXisEXiYGXi6ImkhJMlhJoo%hJ$v" /><g i="19" c="120" charCode="120" p="%^mF$vcC$q2z$vfw$vSAjpIwejDzejpCNneFejSHejLDjpfI$v" /><g i="20" c="109" charCode="109" p="#^XN$v%XNsoXNUnSNgnNNDmxN5mhNylQMcloMRkELRk6KRkcJ7mjIonjIDp%jI$v%YF$v%YFqoYFwmlFHlKERkFDRk7CRkdB7mkAonkAIp%kA$v%Zx$v%Zxej%aAej%aA4l%dA4lsAKkMAlk4BYjyBEj1CkjIC8jnDXihEXiOEXikF4jTFdjmGwjSGPjfHikFHMkVHpl8IVkxItkXI0ksJHj_JljCK8jeLXiULXi6NXiYNjjOOHjjPmkRP0l3QUliQMmiQLn%iQ$v" /><g i="21" c="99" charCode="99" p="#^pGMvLF4wZEbwcEiwsDiw3CiwSANvGzgvOynuWxttrxfsYw0rYwDpYweoox0nQxOlFyUkvz_jJAtjYBXivDXi9EXiVE4jFFdjjGrj%6GolLERkADRkDCRkSBel6BDlzAhm1AWmKzNnszEoszBpszlqFzcrTz2snAMsTAttGBXtuCouHDousEou1FbuDF_teGHt%pGMv" /><g i="22" c="118" charCode="118" p="%^FD$vSA$vhwejSyejiCEtmCEtTFejeIej" /><g i="23" c="46" charCode="46" p="%^4y$v4yctTActTA$v" /><g i="24" c="84" charCode="84" p="%^cEKgcE$vIB$vIBKghwKghwxeDJxeDJKg" /><g i="25" c="104" charCode="104" p="#^WG$v%WGkpWGTnHGZmsG2mYFylyF8l3F$kAERkcERkaDRksCflKBElfBmmNA3nzA1omA$omA7q%mA$v%$x$v%$xed%mAed%mA3l%pA3lEAJk_AlkkBZjQBFjkClj_C8jFDXiuEXiYGXi6ImkhJMlhJoo%hJ$v" /><g i="26" c="121" charCode="121" p="#^$CnxKC8ymCUy_BEzsBeAWAQAdAbBxzyByyyB7yyBGxvBdxsBVwlB%2xrzlxzzCxBzTxEz9yEzFyEz2zrzszezNzVy6ABylA9yAAJxLAgxQA3xUAQwYACwYAtwYAiwRA1wKANvGACv%awej%Lyej%aCOt%eCOt%KFej%6Iej" /><g i="27" c="58" charCode="58" p="%^4y$v4yctTActTA$v^4y1m4yejTAejTA1m" /><g i="28" c="83" charCode="83" p="#^kH7rkHZr2HUsNGOt2GzukFkv4EPvRCiwXAiw3Aiw9z3wfyRvnxAv%DxftryBtqzRtqA5ugB5uTB5utCWt4DLtzDpt2E2tmExsGE$rGEirGEPqxEoqoEZp1EApGDap1DMooCmooBWntAwnHz3nWyBmmy0mOxrluxIkaxZjaxZiaxUhzx0hZx8gIywfszUetAzeuBeeKCeeNDeeKEpeIFAevGSe%9G9hcFMguECgNDrgYCrguBrgFA1hQzChQzJiQzCjuAfk9BUkDCzlGD3myEzmqF3n1GInFGlo_GapkH$pkH7r" /><g i="29" c="76" charCode="76" p="%^cy$vcyxeIAxeIAOt$HOt$H$v" /><g i="30" c="68" charCode="68" p="#^TJdnTJJloJwkVIjj3IuidHEh3GbhVEKgyDKg%AAKg%AAOt%cDOtpGOt8IdsTJEqTJdn^xM6nxMjpTL_qeLEs0KMtPITu3HrvkF$v9D$v%4y$v%4yxe%eDxebFxeTG7fzIIfPJPg4LVhOLvjxM5lxM6n" /><g i="31" c="70" charCode="70" p="%^AAKgAARl3HRl3H2oAA2oAA$v4y$v4yxemHxemHKg" /><g i="32" c="44" charCode="44" p="%^Lykzvwkz4yctTAct" /><g i="33" c="112" charCode="112" p="#^EHypEHlnIG5mNFRk8ERk6DRkoCilHBLleBrmNA7nzAZnmAPomADpmArqAAirPA8sfBQsIBwtqCYt8Dou6EouUEouxF1ubGGtEG0t6HmsnHurEHBqEHyp^8Kop8KOqOJ2stJitNIfu6Icv3HLv1GiwEEiw0Diw$BKv_AavpAfu%mAfu%mAfB%$xfB%$xej%fAej%fA1l%iA1lSAckZBAj4DXiAEXiYFXi$Gsj3IZjLIRkrJJlNJUm8K3o8Kop" /><g i="34" c="102" charCode="102" p="#^hF$eNERefEReWCReoCwfTBagTBVh%TBej%fFej%fF8l%TB8l%TB$v%wz$v%wz8l%ww8l%wwej%wzej%wz3iwzNgJzQfXzSerAeeYABdMBgdBCXcQDXcAEXcnF5d" /><g i="35" c="65" charCode="65" p="%^_EUgvBypsIyp^1L$vgJBrIABrWy$viw$vLDxenGxeMN$v" /><g i="36" c="103" charCode="103" p="#^WGLpWGOoHGVntG0n$FlmyFGlREgl9ERkdDRkkCRkFBhl$AJlyAom6A3nTzVnFzLoFzzpFzwqVzlr9AasCANs4BotKBLtpC5ucD5u$D5uGEMtlFqtRFRslGgsDGtrWGGqWGLp^hJwvhJixKIsycIDzhHjAnG$AaFgBZDyBGCyBlByBgAiBbz2B6yGA%myuy_yMywzZy3AbzBAkz7BuzHBzzfCEzWCEzODEzxEmzgF5zOFyykG$xDGaxWGlwWGdv%WG1u%TG1udGVu7Fsv1E$vDC$v7B$v4Aqv2zRuoyXtKx0trxVr9xOq9xHp9xDotxrnNxemtyel9zekeABjkBXiTCXivDXi5E2jIE8jfFojPFEjfG3kIGuk3H8l%6H8l%6Hej%hJej%hJwv" /><g i="37" c="98" charCode="98" p="#^EHypEHlnIG5mMFRk9ERkbDRktCglMBGlhBlmPA0nAAUnmALomADpmAwqBAnrQAdsiBUsMBztsC_t9Dou6EouVEouzF0udGEtGG_s8HjsoHrrEHzqEHyp^8Kop8KJqQJYrwJbtRI9ubI7v8HJv6GiwFEiwQDiw7D6wrCWvUBDvmBkvYAYuyAAuiAcu%fAcu%fA$v%$x$v%$xed%mAed%mA_k%pA_kYA5kYBwjZCXiEEXi1GXi3Huj6I0kNIVktJOlOJYm8K6o8Kop" /><g i="38" c="67" charCode="67" p="#^wKGv0KTvtJ$vXI7wpIbwUHfwoHgwVGiwxGiwrEiwKCFv1B$uQzOtDyBsZxVqkxdpkx8nkx9l0yxjIyUhWzJg9BxfRCUexEeezGeezHeeyIpeyJzeuK_e%iKphqJVgxIGgEHrgHGrg9FrgWDZgHCuhPBpiXAjjsAzk_zOl_zen_zOovA3q0BjrUBdsNC7t_DCtbF5uzG5u1H5uzH1u5IZtBISt6JLtzJBt0KrtmKft%wKGv" /><g i="39" c="45" charCode="45" p="%^YwdqYwjonDjonDdq" /><g i="40" c="86" charCode="86" p="%^SF$vKC$v9wxeYyxekEOtnEOtVJxexMxe" /><g i="41" c="54" charCode="54" p="#^7Gyq7GZpYFmpNFKopFeo2FJnvEonZD3ndD3nGB3nPA3oYz2pYzyqYzar8AQrkAtsJA0t6BytGBVtfCfu1DfuQDfupEXt$EDtnF6tLFBsXFXr7Ggr7Gyq^NIvqNIRrmIWsXH$taHLuqGvvpFVvpEiwcDiwlBiwbAyv2zOuoyBtLxoswxUqixopixUnixamDxskYxJiLylhzzYfWA5fhCeeoEeeQEeekFheQFjejGoePGseeHzeFHFe_HNe%EH$g_GFgcGtgrFhguEhgjDhgqCOgxBjhWAaikA1j$zbkHzllFzCm%KzBmDAJlxBnlsC0lAD0lSE0lPFslNGUlrHDm6ImnrInoNInpNIvq" /><g i="42" c="37" charCode="37" p="#^2EUi2ErhIDJgnD_fvC_f2C_fLBdgsBsghBUg6Bjh1BThYAriYA5jYAHj$Aik2BUkcBolnBTlGBbmZBvmvCvm2DvmmD9mGDOlPDhlZDLk$D6k2Etj2EUi^3QYq3QvpJPNooP2owO2o3O2oMNhotNwoiNYo7Nnp2NXpZMvqZM8rZMLr0Nms3NYsdNrtoNWtHNeu_NyuwOyu3PyunPcuHPRtQPkt_POs0Q9s3Qwr3QYq^fGdjfGjk0GflOFamlFRmVEvnbETntDfovCfoDAfoHzXmLyDlLydjLyUgBzzfsAeexCeeADeehEBe$EYerFDfTFhg3GchfG6ifGdj^_Dyw%aCyw%0N_d%PO_d^gSgrgSns1SitPRdumRUuWQyvcQWvuPiwwOiwEMiwIL_uMKGtMKgrMKYoCLDntMimyOimBPimiQFm0R0nsRHnURlo4SgpgSaqgSgr" /><g i="43" c="40" charCode="40" p="#^JBvzTAey7AVwnzAvQybuhyOsYxkrDxSpDxhoDxGmYxdlhyLjRyoipz0h8AIfTAoeJB5d%_D5dhDleBCHfVB0hlBriOARjsAjl7ANm7Aho7ANpsAgrNAKsjB9uRBzvxCVweDfy_Dvz" /><g i="44" c="73" charCode="73" p="%^ey$veyxeKAxeKA$v" /><g i="45" c="49" charCode="49" p="%^KC$vKCph3AJjKy1i0DxeeFxeeF$v" /><g i="46" c="53" charCode="53" p="#^sIqqsIUrUH0tlH7uqGSuvFAvhEXv3DiwMBiwUAiwWzbwZy4w0yJv%5ynt7zYt_z6uRAfuJBfuzCfujD$t4ELtDEitaFQsuFbsOFyrOFMqOFRptF9p8FtoAE$n1ExnfDintC3nAB3nqA3nBzfnNyrncyJn%myxe%ZHxe%ZHAg%JAAg%zAgl_A8lFB4lkC0lNC0lVD0lXEql_FPlLGxmxHen_HeosIdpsIqq" /><g i="47" c="41" charCode="41" p="#^IChoICSpnCkr2COsuBbuWAAvbAVwszeyCyvz%lwvz4xeyMxTwsyxv$y7uyzIsTzfrcANpcAhocANmTzklyzTj0zuivy4hOxKf5xoelw5d%Cy5dsznebAGfWAZguBli2CJjnCclICGmICho" /><g i="48" c="72" charCode="72" p="%^cJ$vcJ2oSA2oSA$vmy$vmyxeSAxeSARlcJRlcJxeILxeIL$v" /><g i="49" c="82" charCode="82" p="#^uGjjuGZhuFmhvEKgSCKg%AAKg%AA2m%PC2mAD2mfETlXEIlqFmlVF$kbGvkuG_juGjj^HH$v%_EVpzEZo$DCosDfouCfo%AAfo%AA$v%4y$v%4yxe%pCxePDxe1FIegGTeaHpf5IXfCISg8JNh8Jhj8J9kQIRkwIwl0I$lwHumSGOmdG6nxFen%xFinbGwnzGZnXGqodH$o%yK$v" /><g i="50" c="80" charCode="80" p="#^yGNjyGXibGmiQFNhfFqhGE3hZDVghDKgBCKg%AAKg%AAPm%YCPmGEPmCF_lyG8lyGNj^cJKjcJblHIcmaIdnjHRnsGtolFLoeE0p$C0p%AA0p%AA$v%4y$v%4yxe%GCxe7ExekFQeyG7foHLffIngJInhcJmicJKj" /><g i="51" c="50" charCode="50" p="#^fx$v%fxkttx7tYxIssygs2zJraAHqiBDpqCzokDunfEpmQEjlpFdkpF4jpFpi7FUhSEnhoE0hXDFgjDtgHChg_BhgVAhgVzDgVyYg2yph%OxffAyXeJzBeSAeeqCeeLDeeNECeQF_eyGFfhHjgGHch3I5i3I8j3I8kFH8lgH7mAG6nVF5o$E4p6E2q7D1rHCtriCRrVBcsxBxsaBSsNActpAxtWzYt%jIYt%jI$v" /><g i="52" c="77" charCode="77" p="%^SO$vSOUgPOUg1J$vAG$vOAUgLAUgLA$vfy$vfyxenCxeSH2teNxemRxemR$v" /><g i="53" c="51" charCode="51" p="#^9Iir9IJsDHGt6HDubGdvhFOv1E2wNCiwkBiwqAiwkz6wfyWvgxDv%qxitByRtvz2uqAfugBfu0CfuNC5uyDWt8EztLEct7FDsvF2svFdrvFjqaFIpSE5phEHoIDhoVC6o7CXncBXn%DzXn%DzUl%XAUlABUllCNl7DGlNDllsE0lVEskmFUjmF_imFHhrE_gxDhgYBhg4Bhg5Avg6zIg3yeh%Vx0fXyFe0Ase6BeeeCee_EeevGwf0INg0I0j0Iok1Hvl3GCmgEZm%gE0njFen2GFnOG3ogHDoKHbpXHTp9Izq9Iir" /><g i="54" c="8220" charCode="8220" p="%^cBFkoyFkyAxeLCxe^VFFk9DFkgFxewHxe" /><g i="55" c="8221" charCode="8221" p="%^DAFkoyFkZzxeLCxe^oFFk9DFkKExewHxe" /><g i="56" c="8216" charCode="8216" p="%^4AFkixFkqzxeFBxe" /><g i="57" c="8217" charCode="8217" p="%^szFkixFkRyxeFBxe" /><g i="58" c="66" charCode="66" p="#^KG5rKGspBFLosE2okC2o%AA2o%AAYt%zCYtrDYtbEQtYEItwFnt4G2tpGvsKGYrKG5r^rG8jrGsibGZhXFuhuFbh1FTgqEKgQDAg9DAg%AAAg%AA$l%YB$lXC$lLDWlAEQlaFxlNFdl6GFkrG5krG8j^oJiroJqs1JitGIauSHNu3HnvMFHvuE$vEC$v%4y$v%4yxe%LCxepExeAFQeMG7fwHIfgIhgBI5hXIVhXIZiXINkXHKlXGHmkF5n%kF8ndHjniIrooJypoJir" /><g i="59" c="34" charCode="34" p="%^_zFk_zxebCxebCFk^KDFkKDxeXFxeXFFk" /><g i="60" c="48" charCode="48" p="#^eGBneGdm3GVkVFAjxFzi9FxhxEVgVDhg_Chg1ChgoBWgLAzhnAyi$zxjQzNkGz0mGzdnGzyoPzPpZz4rlA3sJA2tmBFt$BfuYCfuFDfuaEWtIEAt3F0trFssFFKrUF0r0Ghq8GypbGRoeG8oeGBn^UIdnUI_oAIDqgIgszHxtSGOuKFyvCEiwYCiwkBiwbAyv2zOulyytExiskxFq0x0p0xdn0xilmxEjJx_hsyNgbzAfiAVeqBee_CeeuEeeBFVeJGAfsHNgbI_hxIEjUIilUIdn" /></glyphs></font><font id="20" name="ArialBold Charset1_ 6U8VOgC6vdF"><glyphs><g i="0" c="84" charCode="84" p="%^SB$vSB7hyw7hyw5eMK5eMK7htF7htF$v" /><g i="1" c="97" charCode="97" p="#^mA$m%fxrmNxzk3zFjlALiTCLiaFLihGijpHRjSHGkkIvlkIKn%hIKrhIstrIguCI4v3J$v%GF$vxFFvlF_ufFHudFAulErvlDTvlCiwcBiwcziw2ydvUw7uUwtsUwmrpxvqXxEpTybpQzKoDBoo1EXnYEyn%YEcnYEdmsEOlZDnlDCnlIBnlbBKlGA5mmA$m^YENpiE$pSCjqrBCq$AVqkAnrkA6skAQsSAmtpBTteCTt9DTt$DgtDEOsPE7sYEHrYEtq" /><g i="2" c="98" charCode="98" p="#^Ex$v%Ex5e%4B5e%4BzkFCLiQELicHLiLItkiKamiKopiKIsJIvu8HiwTEiwMDiwHCLvCBbvQA5u%QA$v^2Bfp2BgrHBdsACBt2EBtbFBt_FDsNGFrNGzpNGlnZFmmaFnlVDnlHCnlSBlm2Bin2Bfp" /><g i="3" c="101" charCode="101" p="#^iFTr%JIss3IkuEGjvdFiw4DiwIziw4y5uOwjsOwDpOwpmuyAkaALiKCLiEFLijHGk_IAmVIwq%jAwqlA2s8BUsXBKt6DKtWDKttEit0FSsiFTr^vFqotFWmKE9m$DnlYCnlQBnl5BbmmA0nnAqo" /><g i="4" c="100" charCode="100" p="#^GJ$v%uG$v%uG5uHFcvCELvxDiwrCiwcAiwCyvu1xIs1xtp1xamAytk7ALiuCLiFELieGzk%eG5e%GJ5e^yAfpyAkr7BfsXBBtqDBtBEBtqFBsfGArfGApfGlnrFmmEEnlpDnlbCnlmBlmyAjnyAfp" /><g i="5" c="32" charCode="32" p="#" /><g i="6" c="111" charCode="111" p="#^$wlp$wDnRx1mHyrkdABjMBLiGDLiCGLiuIFknKzmnKupnKqstImuAGiwIDiwWBiwiAvvHyHuRx8t$wAr$wlp^wAxpwAsrqBuslCvtHDvt1FvtXFusRGsrRGvpRGBnXFAm1FylHDyllCylqBAmwABnwAxp" /><g i="7" c="108" charCode="108" p="%^Ox$vOx5eeB5eeB$v" /><g i="8" c="114" charCode="114" p="#^4B$v%Ex$v%Ex1j%QA1j%QATkEBzjiC9jYCLiNDLiYELi2Goj%$Eom7EQlnDQlFCQl9CemFBDmmBFn4BHo4B$r" /><g i="9" c="68" charCode="68" p="#^Px5e%pE5eEG5ePHreoJVevK5gDLghcM_iOMIkOMdnOMqpfM1rAL_skKbuoJ6vOHDvCG$vCE$v%Px$v^qB7h%qBZs%7EZsEFZsjGOsbHAsMH3slIxrIIkq4J7p4J2n4J_kIITjlIMiHH8i1Hwh0GihfF7h2D7h" /><g i="10" c="99" charCode="99" p="#^5JTm%JFunyFtmXEZlkEslmDsl4CsljBlmyAdnyAipyABrjBys5CvtpDvtoEvt0FYsEFosUF1r%gJCrKIWtfH6vMFiwgDiwpAiwJyvu1xIs1xxp1xkmJyykqALijDLiHFLi4HMjuINk5JTm" /><g i="11" c="117" charCode="117" p="#^jG$v%jG3uCF5vsEIviDiw0CiwJAiwGzKvEy9vay7uJx4tJxer%Jx1j%9B1j%9B_o9BJrlBlsxBYs1CjtxCGtiDGtaEGtSEbtyFIsOF$r3Ghr3Gvo%3G1j%vJ1j%vJ$v" /><g i="12" c="109" charCode="109" p="#^xx1j%HA1j%HAOkoCLiKELi_FLiVGgjQHNjpIPkgJNjfKgjfLLinMLiONLiNOkjNPVjgQ1lDQSlDQJn%DQ$v%bN$v%bNBobNGmQM6mmMnlmLnlEKnl$JPlnJfm5J6nPIYnPINp%PI$v%nF$v%nFVonF0nbFtm0FVlDEEleEnlADnlNCnl8CPlwBemeB2nZARnZAIp%ZA$v%xx$v" /><g i="13" c="110" charCode="110" p="#^AJ$v%8G$v%8Gop8GinWFHmIF3mcFJlJEnl1Enl8DnlqCSlJBlmsB9ncBZncB7q%cB$v%Mx$v%Mx1j%YA1j%YAXkFCLidFLimGLiiH9jeIzjJIckcJRkoJFlAJsmAJYn" /><g i="14" c="116" charCode="116" p="#^KD1j%KDMl%oBMl%oB$qoBAssBRsxB6tMBht$BstlCstQCstJD7t%0ENvPCiwjBiwnAiwDz_vUyGvyybvcyHu3yRtYxftYxqr%YxMl%nwMl%nw1j%Yx1j%Yxsg%oBre%oB1j" /><g i="15" c="79" charCode="79" p="#^5xan5xqkVxAiwychAz7gEA1fUBvezDOdLFOdIJOd4MfgsOIisO4nsOqr5MTtKJjwOFjwPBjwszTt5xrr5xan^PA2nPA4qdCFrDDdtOFdtYHdtlJGrKK6qKK$mKKWjnJpi1IUgOFUgyDUgaCqiPAYjPA2n" /><g i="16" c="105" charCode="105" p="%^OxghOx5eeB5eeBgh^Ox$vOx1jeB1jeB$v" /><g i="17" c="83" charCode="83" p="#^Vwaq%qAQpKACrIBrsHCgtkEgt4GgtYGxsRHNrRHOqRH9qtHJp5HgpaGXoxFJohD9onArnczomyxVkyxNiyxqhjyeg5z2fyAqe0COd4EOdsHOd9JhfSKLgXKdj%kHnj5H$hkGohzFNg2ENgtCNgABqh$ARh$Ayi$AajxBDjdCckSEQkvHslMI7m1KNmKKXnsL5psLNqsLksBKGtLJ$ubIFvDGjwiEjwUAjw4zLugxatVwaq" /><g i="18" c="104" charCode="104" p="#^cB5e%cBIkSCLiaFLimGLijHbjgIDjKIjkdJ$koJQlAJFmAJpo%AJ$v%8G$v%8G9p8G7nXFAmLF0mfFIlMEnl0EnlaDnlvCOlQBcmwB2ncBTncBwp%cB$v%Mx$v%Mx5e" /><g i="19" c="66" charCode="66" p="#^Qx5e%_E5e6H5e8IhebJse0K0fRKAfoLwgXLrhXLCiXLSjgLWkBKZlrJum3LZmXL7oPMgpPMPqPM1seMbtGLluHK1vJJJvgITvnHZvWD$v%Qx$v^rB4h%rBdl%PDdlWFdlrG9lmH2lUHwkqI_jqI7jqIhiYHMhvHfhCG8h3G4hwD4h^rBco%rBZs%NEZsLGZsgHSs4IJsAI9s5JAr5JEq5JQpIIhpjIJozHtoQGcomEco" /><g i="20" c="65" charCode="65" p="%^ZN$v1K$vuIXrjBXrQz$v$v$vYC5eOG5e^jHVoREgiqCVo" /><g i="21" c="115" charCode="115" p="#^Bwjs%1ANrfANsWAitBBPtPCPt8EPtPEktgF_sgFpsgF0s0FMrMEwrTDjrJzpqCyEp3xBo3xKm3x2loyVjJzLixCLibFLiuGDjNHukgIbm%1FNmQE1meEDlFDdlACdleBdlEABlfASlfAimfAFmBAVm3BfnODTnyGvoDHppIIjqIIYrIIKtcH0vJFiwPCiw9AiwCyev3x9uBwjs" /><g i="22" c="77" charCode="77" p="%^Nx$vNx5ecD5erGjqDJ5e2P5e2P$vIL$vHLVh9I$vGE$v7BVh7B$v" /><g i="23" c="82" charCode="82" p="#^Qx$v%Qx5e%qF5eiI5eBJAeUK3fGLigsMxhsM6jsM8lgLsm5KMnKH6oVINoGJCprKqqJLws%VN$v%AJ$v%_G6sBF0q4FupzEXo_DKoqDxoaCxo%rBxo%rB$v^rBGl%6EGlIGGllHsl$HelmIIkKI9kKIljKIrifIUhMHkhUGbhsG7hfE7h%rB7h" /><g i="24" c="103" charCode="103" p="#^txRw%oBjxuB$xRBgykCEynDEyJEEyoFeyRFZx4GnxeGXweGOv%fGVtIE$vmC$vLz$veyOt1x2s1xsp1xbmBytkaALivCLiVELitGSk%tG1j%GJ1j%GJGuGJZwiJ5yWIezeITzyHxApGUAgFgBwDgBdAgBQy7Asx$ysxgxsx5xtxRw^yAfpyAjrlBhs8CetjDetzEetqFfshGgrhGlphGknsFmmDEnlmDnl8CnllBlmyAinyAfp" /><g i="25" c="107" charCode="107" p="%^Gx$vGx5e6B5e6BBn7F1jlJ1jWENnFJ$vZF$vICaq6BRr6B$v" /><g i="26" c="80" charCode="80" p="#^Qx$v%Qx5e%DD5eWG5eWHmesJMeuK7gxLthxLCjxLflWKnmkKvnpJ8ovINoyH$ofGfpODfp%rBfp%rB$v^rB7h%rBdm%qDdmyFdmgGXl$GFlpH3lPHskPHFjPHHieH2iGGphNFfh8F7hbD7h" /><g i="27" c="102" charCode="102" p="#^iw1j%cy1j%cy3icyqgyyDfVyPeQzjeMAOdbCOdFDOd3Fee%BEDgNDqg1DqghCqgYBNgEB7hEB6i%EB1j%cE1j%cEKl%EBKl%EB$v%cy$v%cyKl%iwKl" /><g i="28" c="67" charCode="67" p="#^gJpp%MMwqYLst4KUudIjwlFjwNBjwuzTtbxrrbxdnbxLiuzhgOBOdzFOdRIOdUKKf6MUgJM1j%8JUjQIviPHIhPGUgnFUgnDUg8CkiVALjVAXmVAlq7CNrlDdtiFdtKGdtMHisPInrgJpp" /><g i="29" c="112" charCode="112" p="#^Ix1j%VA1j%VAXkxBYjBCmjFDLiXELicHLiMIxklKimlKsplKIsLIvuaHiwWEiwRDiwZCTv6Crv8Bpu%8BXA%IxXA^5Bip5BurYBxsQCAt4EAtgFAt3GDsSGFrSGtpSGrn1GsmdFsl0EslLCslWBqm5Bon5Bip" /><g i="30" c="86" charCode="86" p="%^pC$v$v5eWz5erElrQI5eFM5ehG$v" /><g i="31" c="87" charCode="87" p="%^kA$v4w5eNz5etCoqKF5e2K5ebNBqWP5ezT5eeP$vnL$vPHCigE$v" /><g i="32" c="76" charCode="76" p="%^Wx$vWxfexBfexBZswKZswK$v" /><g i="33" c="121" charCode="121" p="#^aw1j%Qz1j%XCes%YF1j%vJ1j%XEwv%6EMxFDVyfDvzRC6AjCtANBRA$A2BeAgBfzgBgygBjx3B%$wnyPxxysyxyFzxydAQxOA7x6B1w" /><g i="34" c="69" charCode="69" p="%^Qx$vQx5e4L5e4L7hrB7hrB5lpK5lpK7orB7orBZsqLZsqL$v" /><g i="35" c="120" charCode="120" p="%^9w$vPAjplw1jyA1jQCBmeF1jfJ1jTEapFJ$vsF$vQC_r9A$v" /></glyphs></font><font id="30" name="Arial Charset1_ 609NVC7eesV"><glyphs><g i="0" c="84" charCode="84" p="%^uC$vuCcgBwcgBw5eNK5eNKcgSEcgSE$v" /><g i="1" c="104" charCode="104" p="#^Ex$v%Ex5e%Rz5e%RzwknBKiJDKiaFKidGjjhHTjKHTkcITlcINn%cI$v%$F$v%$FNn$F7mhFnlAEDkgDDkiCDkrB8lAAElcAwmRznnRzVo%Rz$v" /><g i="2" c="101" charCode="101" p="#^xGPr%OI6sgI5uPGcvmFiw5DiwfAiwAyyuWwOsWwDpWwlmCyykiAKi_CKiAFKidHwkTIhmTIupTIHpSI4q%bz4qjzdsoAmtuBuu6DuukEuuaFRt1GctxGPr^jzgo%zGgoqGDmKFPlHEyk$CykuByksAzlqzAmjzgo" /><g i="3" c="32" charCode="32" p="#" /><g i="4" c="97" charCode="97" p="#^6GpuUErvLDTvDCiwlBiwcziw2yfvVwcuVwAsVwDrkxRqMx2qtyApaz5p3ASoIAHo$BxoGEcoWFMnXFjnXFbnXFRljFiltEykPCykgBykxA5lOzElrz0n%hxJmAxllfyvkWyEjbAbjsBKi7DKiNEKiPF7jSGwjlH6kQHIk1IBl8I9m8IDn%8Izq8IEthIsuqIfvRI$v%yG$vcGjv6Gpu^WFupJEZplCjq_AwqqAMqSz$qyzurfzYrfzwsfzptVz$tAAAuSBAu7DAu6E1u6FttAFvsWFLrWFiq" /><g i="5" c="98" charCode="98" p="#^Hz$v%Ex$v%Ex5e%Rz5e%RzukeBKioDKiBEKiFFdjKGIjqHAk6IslvIHmUIWnUIjpUIFseHuuBFiwhDiw$AiwHznu^FzqpFzLriANskBuu5DuuxEuuAFetDG_rDGvpDGZmCFMlCEykbDykLBykIAOlFz2nFzqp" /><g i="6" c="100" charCode="100" p="#^4G$v%4GmuREiwsCiwUAiwBzsviyBuAx3tSwwrSwxpSwAnvx$l9yqkrzAjKAKikCKivDKipEejkFJjVFwk%VF5e%6I5e%6I$v^7zwp7z0saAftdBuuFCuu5Euu5Fjt6G7s6GIp6G2n4FOl3EykzCyk5Byk6ALl7zXm7zwp" /><g i="7" c="111" charCode="111" p="#^QwwpQwVlQyakvAKiVCKiBFKihHuk_Iem_Ikp_IRreIhtuHIu2GvvCEiwVCiwbAiwvyyuQwOsQwwp^5zwp5z$raAftgBuuVCuuyEuuDFetJG_rJGrpJG1nDFOlxEykVCykgBykaANl5z0n5zwp" /><g i="8" c="108" charCode="108" p="%^Bx$vBx5eOz5eOz$v" /><g i="9" c="114" charCode="114" p="#^Dx$v%Dx1j%Cz1j%Cz_kmACj$AajEBKiqCKixDKiGErj%VDul5D$kiC$kAB$k$ArlrATlbAEmQzPnQzcp%Qz$v" /><g i="10" c="115" charCode="115" p="#^Mw7s%XyNr7z5tYzOtOAuuiCuuPDuuyETthFfthFqshFGrEEfrbEYqoCvqYzUp0zsp5y$oCxdo7xqn7xtm7xClwxTkWx7kCyEj7zgj$z$iUAKiVBKirDKiBEajLFCjiGmkSG6l3Hnm%VEGmMEGl2E6llDyk3CykyAykUz2lfzylfzdmfzEmwz_mNzlnmAAnHAHnjC8oFELoAF9pvGyp0HjqyH3ryHbsyHitVGgugGev2FMvRDiwjCiwNziwsyfv7xbuMw7s" /><g i="11" c="109" charCode="109" p="#^Ex$v%Ex1j%Cz1j%CzRkeAUjeBjjfCKiyDKi_EKiVFljQGXjdH$kLIKidLKi9NKibOPjdPTkdP5n%dP$v%0N$v%0NQn0NwmOMXlBMll1M$ktLEkJKEkmJEksIylyHsmyHto%yH$v%lF$v%lFAnlF6mPEnlhEEk3DEk7CEklB8lzADlcAzmRzvnRzgp%Rz$v" /><g i="12" c="117" charCode="117" p="#^8G$v%8G5uDEiw1CiwTAiwTzSvUyqvpyMuWx5uKx7tBxtsBx3r%Bx1j%Oz1j%OzeqOzYrXzys8AqtPAWtuBputCpusDpujEVtbFotyFwsVFErVF_p%VF1j%6I1j%6I$v" /><g i="13" c="99" charCode="99" p="#^6Gfr%gIyrVHNtsG2v$EiwTCiwdAiwByzu_wPs_wzp_wtnGxUlnyjkOzxjdBKiUCKi$EKilGPjHHTk3IRm%WFanDFSlREcl4EykZCykjBykhAKlfzWmfzvpfz6sfAitfBuuSCuu8Euu$EHtTFUs6Gfr" /><g i="14" c="102" charCode="102" p="#^ay$v%ayKk%ewKk%ew1j%ay1j%ayFhaylgpyJfJySewzkekAOdMBOdHCOdPD0e%uDXfOCPfbCPfbBPfMAfgmAGgmARh%mA1j%UC1j%UCKk%nAKk%nA$v" /><g i="15" c="116" charCode="116" p="#^sC1u%MC_vRBaw6BawVzawezOvAyqvjyPu2ybu2ycs%2yKk%qwKk%qw1j%2y1j%2yQf%fAve%fA1j%sC1j%sCKk%fAKk%fAksfAgtmAytuAPtKAZt$A7uuB7uSB7usC1u" /><g i="16" c="69" charCode="69" p="%^_x$v_x5eVK5eVKcgmAcgmAHleKHleKOnmAOnmAUtkLUtkL$v" /><g i="17" c="105" charCode="105" p="%^FxDgFx5eSz5eSzDg^Fx$vFx1jSz1jSz$v" /><g i="18" c="110" charCode="110" p="#^Ex$v%Ex1j%Dz1j%DzTk2BKiLDKiWEKiVF9jUGAjnHgkTHXk3IUlbIvmbI1o%bI$v%_F$v%_F6o_FMmJF6mtFrlPE2laEEkhDEkTBEkSAxlRzqmRzWo%Rz$v" /><g i="19" c="121" charCode="121" p="#^yx$A%ixXy0y7zzy7ziz7zKzTyaAEysAcyGATx7BzwbBnwkB1w%pw1j%My1j%tBxq_BZrpCxtOC1sjDBq%5G1j%iI1j%nDdwACmy7CazyBfANALA0AgBZygBkygByx$A" /><g i="20" c="103" charCode="103" p="#^fx4x%ozoxwzoy7ARyYAszmCszUDszJERyyFeyRF7x$Fsw$FiuzE$vpC$vKz$vgy4uPw8sPwrpPwAnux0m9yrkqzBjIAKiqCKiIEKicGBk%cG1j%eI1j%eIfueIgxCHxy$GOzFFxAkEgBnCgB2AgBDydAcxazfx4x^4zhp4zRr4A0t5BbuDCbu8Ebu9F0tbGRrbGmpbGZm7FMl4EykACyk7Byk5ALl4zXm4zhp" /><g i="21" c="112" charCode="112" p="#^ExZA%Ex1j%Ez1j%EzIklAJjeBej7CKipDKi3FKikGBjBHrkeI$lUIznUIqpUIpraI$stHBu6GsvLEiwfDiw8CiwgBQvpAmvRzFu%RzZA^DzApDz5sDAitEBuu4DuuyEuuAFftDG$rDGppDGWmCFHlBEskbDskNBskIAMlDz4nDzAp" /><g i="22" c="44" charCode="44" p="#^dy$v%dyvt%JAvt%JA$vJAnxeAdyLz4zHyyz%4yCyMyiy5zIxqz6xtz$v" /><g i="23" c="107" charCode="107" p="%^Fx$vFx5eSz5eSzio3F1jVH1jYCRnpI$vIF$voBnpSzSqSz$v" /><g i="24" c="118" charCode="118" p="#^eB$v%jw1j%Dy1j%pBOqSB3sfCptxCos3DXq%XF1j%cI1j%iD$v" /><g i="25" c="119" charCode="119" p="%^0A$v3w1jly1jpAwq9Bit#dB5tRBDqVD1j9G1j6IzqLI1tuJxqJL1jRN1jOJ$vwH$vtFeoXE0miC$v" /><g i="26" c="46" charCode="46" p="%^gy$vgyvtMAvtMA$v" /><g i="27" c="85" charCode="85" p="#^FJ5e%1M5e%1Mro1M7rqLJsPKjudJjvDHiw2FiwxCiwWArvkzzuEyWsZxhrZxro%Zx5e%lA5e%lAqolALqMASrcBYsfCztjD9uQE9urH9uyIZsFJNrFJqo" /><g i="28" c="68" charCode="68" p="#^Wx$v%Wx5e%5E5eaG5ehHlePIIeVJDfjLQg0MIiJMzkJMYmJM_oeMzqML8s0LathKcuoJOuvIovfHIv$F$vnE$v^iAUt%7EUtUFUtUGztVHetvIDslJNrPJmqhKXohKVmhK5kmJBirI4h7HzgaGcg3Ecg%iAcg" /><g i="29" c="79" charCode="79" p="#^cxhncxQiBzjg_BNdNFNdfINdeKZeeM9ghNhikOokkO3nkOOpdNYr7M5u6Kcv5IiwMFiweDiweB4vfzStdyLrcxDpcxhn^EzjnEzyqnBps7DguLFgurIgu9KosULvqUL2nULSk8LejpKCh_IJgzHPfOFPfgDPfsByhEzgjEzjn" /><g i="30" c="89" charCode="89" p="#^ZC$v%ZCqo%4w5e%Yy5e%uCvjtD$kiEwm6F7lfGmj%KJ5e%uM5e%lFqo%lF$v" /><g i="31" c="87" charCode="87" p="#^1B$v%iw5e%Jy5e%sBRpUBGrdCvtUCDq0Dbq%qG5e%hJ5e%QLanOMxqdNvtBNOr6OBp%XQ5e%jT5e%pO$v%5M$v%mImiTHFgNHfgvHvhgHmi%uD$v" /><g i="32" c="83" charCode="83" p="#^8xfq%nz2qxzor6AgsHA7tVBFt7DbuEEbu$Fbu1HNt3IntzIGs4JZr4J8r4JiqBIGp6I2p_GCogGkoODKnlB8nlADm3zYlryYkPxYjPxJiPxmhAybglz$ePAoeiCNd6ENd5GNdCHqe7J3fXJjgMKyhQK7j%zIijnIChjHLggGTfcETf3CTf4BGg5Ash5Azi5AxjOA9ktBNkmErlfH4mjIAmTJinCKpomLvpmLXqmLnsyKEtKJUucIBvGGiwLEiwkCiwHABv2zTu6yttbx2s8xfq" /><g i="33" c="65" charCode="65" p="#^Zv$v%SC5e%qF5e%KM$v%1K$v%ZHAq%rAAq%uy$v^7BFo%dHFo%lFHjvEqh3EZfJDIh6Dpj" /><g i="34" c="77" charCode="77" p="#^Sx$v%Sx5e%qB5e%FFMqeGxsvGptPGrstHyq%LL5e%XO5e%XO$v%FM$v%FM0h%sH$v%jF$v%8ALg%8A$v" /><g i="35" c="82" charCode="82" p="#^Zx$v%Zx5e%VF5eiI5exJAeNK3fwLhggMvhgM_igMUk1LcmOJvneHSnaIjoFILoIJIpDK7r%JN$v%LK$v%oIhsmHGqHGPp0GYouFCoYEgopE8o$D2o5D2o%lA2o%lA$v^lA$l%qF$l2H$lYHGlTIkllJBkQJRjQJ_iQJJhVIVg_H4g$F4g%lA4g" /><g i="36" c="80" charCode="80" p="#^Wx$v%Wx5e%GE5esG5eoHgeIIueBJ6fuKJf1LQgALXhALgjALzl7K8nGIJoTEJo%iAJo%iA$v^iACm%WECmdHCmaILl8JUk8Jlj8JdizIqh$HDg4HmguGcgTEcg%iAcg" /><g i="37" c="58" charCode="58" p="%^gyxlgy1jMA1jMAxl^gy$vgyvtMAvtMA$v" /><g i="38" c="106" charCode="106" p="#^ExEg%Ex5e%Rz5e%RzEg^Su1B%fvazWvlziwlzZwlzixUyExsyExGw%Ex1j%Rz1j%RzIwRz6zdz2AqygBAwgBHvgBSu1B" /><g i="39" c="72" charCode="72" p="%^0y$v0y5eoA5eoAslFJslFJ5e1M5e1M$vFJ$vFJznoAznoA$v" /><g i="40" c="66" charCode="66" p="#^Qx$v%Qx5e%yE5eBG5eQHEe4JbfNJjguKrhuKHiuKQjSJRkeJSl_HumCJYmtK6olLfplLPqlL4sPK9thKeuvJQuJIpvxHIvmG$vFE$v^cADl%4EDlFFDllGqleH8lHHxk9IVj9IYi9I3iJHohiHIgvGsgJFcgNDcg%cAcg^cAUt%GEUtPFUthGPt5HFtEHjtcIZsyIksVIGrVIPqVIPpoI4pTHkoZG1o3GKnlEKn%cAKn" /><g i="41" c="76" charCode="76" p="%^Qx$vQx5ecA5ecAUt0JUt0J$v" /><g i="42" c="73" charCode="73" p="%^ky$vky5eIA5eIA$v" /><g i="43" c="67" charCode="67" p="#^HKJp%3NjqjMetnKMusIiwFFiwMCiwYA7v8zXtbyIrfxtpfxVmfx6kjy1iozXfmBSekDNdHFNdnINdcK9f1MwgLM$i%qKyjOJBhCIIgrHPfEFPfADPfbCPgPAOhfAtjHz7lHzUmHzaplATq0BAsqCqtQDgusFgurHguPI7tcKZrHKJp" /><g i="44" c="120" charCode="120" p="#^bw$v%XAhp%yw1j%gz1j%iB3mSBWmcCvnKCKmbD6m%mF1j%$H1j%CDfp%kI$v%EF$v%YCZr%kC$q%Ry$v" /><g i="45" c="63" charCode="63" p="#^NBBrMB9rMBXqMBEp8CIopC$n$ChnrDMmzEMlIFLk2G9koGyjoGRioGzhoFBgoECfXCCfxBCfBAvgFznhmzfj%5xZipxtgVy8fqAOdVCOdxFOd5HefFIFgFIHiFISj6ISkzHRlZFfnUEcozEFoeE6p4EIpWDhqUDBr^oB$v%oBvt%UDvt%UD$v" /><g i="46" c="8226" charCode="8226" p="#^kxenkxYley2l8z8kqA8kIB8kCC2lwDYlwDenwDwoCCqpIBkqqAkq8zkqeyqpkxwokxen" /><g i="47" c="45" charCode="45" p="%^NwDqNwqoyDqoyDDq" /><g i="48" c="70" charCode="70" p="%^2y$v2y5e7K5e7KcgqAcgqALlPILlPISnqASnqA$v" /><g i="49" c="49" charCode="49" p="%^jF$v6D$v6D$h#jCLi1Bwj#LzgkJyEkJyxi#zAFhXBqg#jDbfUD1ejF1e" /><g i="50" c="53" charCode="53" p="#^1xir%lz5rBzNsxAEttBuuOCuuoEuuuFitAG5sAG6qAGeowF9ntE3mLC3mGB3mPAymZz1nuzOn%qxxn%9zke%3Ike%3Iqg%VAqg%XzflzB7kkD7kGF7khHLlVInnVIWpVImsuH7uMFiwNCiwlAiwOyXufxzt1xir" /><g i="51" c="8220" charCode="8220" p="#^nz6h%nzFj%0xFj%0xEh0x$fpxhfWxie1zOd%zzFeUyXeAyvfgy2gdy6h^9D6h%9DFj%OAFj%OAEhOA$fbBhfIBiePCOd%lDFeGCXemCvf2C2g$B6h" /><g i="52" c="8221" charCode="8221" p="#^3xtg%3xWd%qzWd%qzXfqzAh2ziiwyhjoxNj%SwWiwxEiRx3iayuhdytg^RAtg%RAWd%cDWd%cDXfcDAhQCiiiChjaBNj%EAWiiBEiDB3iYBuh$Btg" /><g i="53" c="54" charCode="54" p="#^sIui%gGFiZFmhrFNgyERfeDRfbCRfnBqglAbhLzEi9z5k7zMmWzzl3B_kdCoktDokGFokdH0mMIDnMIbqMITr1IktjHMu1GxvMEiw9DiwpAiwGyhuXwgsXwDnXwriSy4gxA1enD1euF1eQGdfbIogsIui^tzbqtzkrYznsrAptiBYt9Cuu6DuuwEuuvFmtvGesvGjqvGtowFpnxEkm1DkmyBkmvApntztotzbq" /><g i="54" c="37" charCode="37" p="#^sxoisxugpy8fnzOddBOdVCOd$D$e6Fcg6Fxi6FOk_D1mTCfneBfnCzfnxy2msxQksxoi^hBjfsAjfVz0gnzJgnzCinzkkWz1ltAKlhBKl6CKlEC1lbDkkbDribDJgEC0g5CjfhBjf^hBFw%5LOd%TMOd%6DFw^1JOr1JTp_JyoYKcnOMcnuOcnAPpoHQCpHQXrHQcuzPrvsOFwPMFwbLFw6Ksv1Jeu1JOr^SMJo1MJouLqpYK7qYK0sYKKtvLru2M8vRM8vHN8vdOruMOKtMORrMO7qdOqpGNJoSMJo" /><g i="55" c="40" charCode="40" p="#^SBgB1AZyMyUvwxPswxwpwxCmsyYjzzSgSBOd%rDOdYBlguBqhKA6jjAXkNzdnNzxpNzpvrDgB" /><g i="56" c="41" charCode="41" p="#^4zgB%vxgB9Bpv9Bxp9BenDA_kdA8jtzsh_ymgvxOd%4zOdnBSguCYjqDCmqDwpqDPs9CUvUAZy4zgB" /><g i="57" c="51" charCode="51" p="#^2xfr%fzYqDzQsxAFtrBuuLCuujEuunFqtrGlsrGMqrGfprFgosEhnXChnjChnoBxn%DBClRBEl_BEloDElvEVkDFakDFEiDFrhOEEg_DRfICRfqBRfzAFgJzshtz3j%gxGiGxtg5zffxA1eFC1e6E1elFGeAGifeHogUHthUHHiUHRjgHOkEGLlqFjm0HHmUHRnMI_oMIIqMI2t2HGulFiwKCiwnAiwPyUugxut2xfr" /></glyphs></font></bwFonts>